Description,Reference Information,Risk Information,name,plugin_id,severity,solution
"SQL Injection allows an attacker to interfere with the queries that an application makes to its database. It generally allows an attacker to view data that they are not normally able to retrieve. This might include data belonging to other users, or any other data that the application itself is able to access.",https://owasp.org/www-community/attacks/SQL_Injection,"An attacker could potentially access sensitive data from the database, modify or delete data, or even take control of the entire database.",SQL Injection,9,High,"To prevent SQL Injection vulnerabilities, it is important to use parameterized queries or prepared statements when interacting with the database. Additionally, input validation and sanitization should be implemented to ensure that user input is not directly included in SQL queries."
"Blind SQL Injection is similar to traditional SQL Injection, but the attacker does not receive the results of the query directly. Instead, the attacker is able to infer whether the query was successful based on the application's response.",https://owasp.org/www-community/attacks/Blind_SQL_Injection,"An attacker could potentially extract sensitive data from the database without directly seeing the results, leading to data leakage or unauthorized access.",Blind SQL Injection (differential analysis),12,High,"Preventing Blind SQL Injection involves the same measures as traditional SQL Injection, such as using parameterized queries and input validation. Additionally, error messages and responses from the application should not reveal information that could be used to infer the success of a query."
"Secret Data Disclosure vulnerabilities occur when sensitive information is exposed to unauthorized users. This could include passwords, API keys, or other confidential data.",https://owasp.org/www-community/vulnerabilities/Information_exposure,"Exposing secret data can lead to unauthorized access, data breaches, and compromise of sensitive information.",Secret Data Disclosure,15,High,"To mitigate Secret Data Disclosure vulnerabilities, sensitive information should be properly encrypted and stored securely. Access controls should be implemented to restrict who can view or access this data."
Unvalidated Redirection vulnerabilities occur when an application redirects users to a different URL without properly validating or sanitizing the target. This can be exploited by attackers to redirect users to malicious websites.,https://owasp.org/www-community/attacks/Unvalidated_Redirects_and_Forwards,"Attackers could use unvalidated redirection to trick users into visiting malicious websites, potentially leading to phishing attacks or malware downloads.",Unvalidated Redirection,18,Medium,"To prevent Unvalidated Redirection vulnerabilities, all redirects should be validated and restricted to known, safe URLs. User input should not be directly used to construct redirect URLs."
"Cookie is transmitted over an unencrypted connection without the secure flag, making it vulnerable to interception by attackers.",https://owasp.org/www-community/HttpOnly,Sensitive information in cookies can be intercepted by attackers.,Cookie Without Secure Flag Detected,97,Medium,Ensure that all cookies are transmitted over HTTPS and include the secure flag.
HTTP headers are revealing sensitive information about the web application.,https://owasp.org/www-community/Security_Headers,Attackers can use this information to exploit vulnerabilities in the application.,HTTP Header Information Disclosure,102,High,Review and remove any sensitive information from HTTP headers.
"The X-Content-Type-Options header is missing, leaving the application vulnerable to MIME sniffing attacks.",https://developer.mozilla.org/en-US/docs/Web/HTTP/Headers/X-Content-Type-Options,Attackers can manipulate content types and execute malicious scripts.,Missing 'X-Content-Type-Options' Header,123,Medium,Add the X-Content-Type-Options header with the value 'nosniff'.
"Weak SSL/TLS cipher suites are supported, making the application vulnerable to cryptographic attacks.",https://owasp.org/www-community/Transport_Layer_Protection_Cheat_Sheet,Attackers can decrypt encrypted communication and intercept sensitive data.,SSL/TLS Weak Cipher Suites Supported,125,High,Disable weak cipher suites and use strong encryption algorithms.
"Content Security Policy header is missing, leaving the application vulnerable to cross-site scripting attacks.",https://developer.mozilla.org/en-US/docs/Web/HTTP/CSP,Attackers can inject malicious scripts into the application.,Missing Content Security Policy,127,High,Implement a Content Security Policy to restrict the sources of content that can be loaded.
"Cache-Control header is missing, leaving the application vulnerable to caching-related attacks.",https://developer.mozilla.org/en-US/docs/Web/HTTP/Headers/Cache-Control,Attackers can access outdated or sensitive information from cached responses.,Missing 'Cache-Control' Header,136,Medium,Implement proper Cache-Control headers to control caching behavior.
"Usernames are being disclosed in the application, potentially exposing user identities.",https://owasp.org/www-community/Information_Leakage,Attackers can use usernames for targeted attacks or social engineering.,Username Disclosure,153,Low,"Avoid displaying usernames in URLs, responses, or error messages."
The web application is missing a permissions policy which can lead to unauthorized access to resources.,https://developer.mozilla.org/en-US/docs/Web/HTTP/Headers/Feature-Policy,Unauthorized access to sensitive data or functionality.,Missing Permissions Policy,217,High,Implement a permissions policy to control access to resources on the web application.
The web application is missing a referrer policy which can lead to information leakage through HTTP referrer headers.,https://developer.mozilla.org/en-US/docs/Web/HTTP/Headers/Referrer-Policy,Information leakage through HTTP referrer headers.,Missing Referrer Policy,237,Medium,Implement a referrer policy to control the information sent in the referrer header.
The web application is disclosing full file paths which can expose sensitive information to attackers.,https://owasp.org/www-community/vulnerabilities/Full_Path_Disclosure,Exposure of sensitive information such as directory structure or file paths.,Full Path Disclosure,267,High,Ensure that full file paths are not exposed in error messages or responses.
Web application scanning detailed scan export for Juice Shop & bWAAP,N/A,Potential critical vulnerabilities in the web application,Juice Shop & bWAAP Web Application Scan,N/A,CRITICAL,N/A
Maximum number of instances to be reported for plugin ID 98050 has been reached. Scanner will not publish any other results for this plugin ID.,N/A,Limited visibility into potential vulnerabilities due to the maximum number of results being reached.,Maximum number of results published,98050,Info,Adjust the settings to allow for more results to be published or consider using a different scanning tool.
"This scan has been configured with debug mode enabled. In this mode, the scanner provides extra information in plugin outputs and generate additional logs to facilitate troubleshooting, but this also leads to higher scan duration and is not suited for regular scans. Make sure therefore to use this mode either just before contacting or when advised by Tenable technical support for troubleshooting purposes.",N/A,Increased scan duration and potential performance issues due to debug mode being enabled.,Debug Mode Enabled,N/A,Info,Disable debug mode for regular scans to improve scan duration and efficiency.
Injection (differential analysis),,Allows attackers to manipulate the database and potentially access sensitive information.,Blind SQL Injection,98117,High,Implement proper input validation and parameterized queries to prevent SQL injection attacks.
Data Exposure,,Leads to unauthorized access to confidential information.,Secret Data Disclosure,114129,High,Ensure sensitive data is properly encrypted and access controls are in place.
Injection,,Allows attackers to manipulate the database and potentially access sensitive information.,SQL Injection,98115,High,Implement proper input validation and parameterized queries to prevent SQL injection attacks.
Allows an attacker to execute arbitrary SQL queries on the database.,"WASC SQL Injection, OWASP 2013-A1, 2021-A3, 2010-A1, 2017-A1, 2019-API8","CVSSV4 BASE SCORE 7.2, CVSSV3 BASE SCORE 8.6, CVSS BASE SCORE 9.0",SQL Injection,CWE 89,High,Use parameterized queries or prepared statements to sanitize user input.
Web applications occasionally use parameter values to store the address of the page to which the client will be redirected -- for example: `yoursite.com/page.asp?redirect=www.yoursite.com/404.asp` An unvalidated redirect occurs when the client is able to modify the affected parameter value in the request and thus control the location of the redirection.,https://www.owasp.org/index.php/Unvalidated_Redirects_and_Forwards_Cheat_Sheet,Cyber-criminals will abuse these vulnerabilities in social engineering attacks to get users to unknowingly visit malicious web sites.,Unvalidated Redirection,98054,Medium,The application should ensure that the supplied value for a redirect is permitted. This can be achieved by performing whitelisting on the parameter value. The whitelist should contain a list of pages or sites that the application is permitted to redirect users to. If the supplied value does not match any value in the whitelist then the server should redirect to a standard error page.
Abuse of URL redirectors can lead to phishing attacks and other malicious activities.,"WASC URL Redirector Abuse, OWASP 2021-A1, 2013-A10, 2010-A10, 2023-API8, 2019-API7","CVSSV4 BASE SCORE 5.1, CVSSV3 BASE SCORE 4.7, CVSS BASE SCORE 4.3",URL Redirector Abuse,CWE 601,Medium,Ensure that all URL redirectors are properly validated and sanitized to prevent abuse.
An unvalidated redirect was found on https://juice-shop-16-0-1-178712031365.us-west1.run.app/redirect?to=https%3A%2F%2F98147a45-d7d1-4fb3-a532-d4d4b2db551e.com%3Fx%3Dhttps%3A%2F%2Fgithub.com%2Fjuice-shop%2Fjuice-shop by injecting https://98147a45-d7d1-4fb3-a532-d4d4b2db551e.com?x=https://github.com/juice-shop/juice-shop into the query parameter 'to' to create the url 'https://juice-shop-16-0-1-178712031365.us-west1.run.app/redirect?to=https%3A%2F%2F98147a45-d7d1-4fb3-a532-d4d4b2db551e.com%3Fx%3Dhttps%3A%2F%2Fgithub.com%2Fjuice-shop%2Fjuice-shop'.,https://owasp.org/www-community/attacks/Unvalidated_Redirects_and_Forwards,Attackers could use unvalidated redirects to trick users into visiting malicious websites or phishing pages.,Unvalidated Redirection Instances,98054,MEDIUM,Validate and sanitize user input to prevent unvalidated redirects.
"The HTTP protocol by itself is clear text, meaning that any data that is transmitted via HTTP can be captured and the contents viewed. To keep data private and prevent it from being intercepted, HTTP is often tunnelled through either Secure Sockets Layer (SSL) or Transport Layer Security (TLS). When either of these encryption standards are used, it is referred to as HTTPS. HTTP Strict Transport Security (HSTS) is an optional response header that can be configured on the server to instruct the browser to only communicate via HTTPS. This will be enforced by the browser even if the user requests a HTTP resource on the same server. Cyber-criminals will often attempt to compromise sensitive information passed from the client to the server using HTTP. This can be conducted via various Man-in-The-Middle (MiTM) attacks or through network packet captures. Scanner discovered that the affected application is using HTTPS however does not use the HSTS header.","https://hstspreload.org/, https://tools.ietf.org/html/rfc6797, https://www.chromium.org/hsts, https://www.owasp.org/index.php/HTTP_Strict_Transport_Security_Cheat_Sheet","CVSSV4 BASE SCORE 6.3, CVSSV4 VECTOR CVSS:4.0/AV:N/AC:H/AT:N/PR:N/UI:N/VC:L/VI:L/VA:N/SC:N/SI:N/SA:N, CVSSV3 BASE SCORE 6.5, CVSSV3 VECTOR CVSS:3.0/AV:N/AC:L/PR:N/UI:N/S:U/C:L/I:L/A:N, CVSS BASE SCORE 5.8, CVSS VECTOR CVSS2#AV:N/AC:M/Au:N/C:P/I:P/A:N",Missing HTTP Strict Transport Security Policy,98056,Medium,"Depending on the framework being used the implementation methods will vary, however it is advised that the `Strict-Transport-Security` header be configured on the server. One of the options for this header is `max-age`, which is a representation (in milliseconds) determining the time in which the client's browser will adhere to the header policy. Depending on the environment and the application this time period could be from as low as minutes to as long as days."
"The web application scan identified insufficient transport layer protection, which can lead to sensitive data being exposed to unauthorized parties.","CWE 319, 523; WASC Insufficient Transport Layer Protection; OWASP 2010-A9, 2013-A6, 2017-A3, 2021-A2","Exposure of sensitive data, potential for data interception and tampering.",Insufficient Transport Layer Protection,N/A,High,Implement secure communication protocols such as HTTPS to encrypt data in transit.
The scanner did not find any Strict-Transport-Security header in the response returned by the target when querying URL https://juice-shop-16-0-1-178712031365.us-west1.run.app/rest/user/whoami.,https://developer.mozilla.org/en-US/docs/Web/HTTP/Headers/Strict-Transport-Security,"Without the Strict-Transport-Security header, the application is vulnerable to man-in-the-middle attacks and SSL-stripping.",Missing Strict-Transport-Security Header,001,Medium,Implement Strict-Transport-Security header to ensure secure communication over HTTPS.
The scanner did not find any Strict-Transport-Security header in the response returned by the target.,https://developer.mozilla.org/en-US/docs/Web/HTTP/Headers/Strict-Transport-Security,"Without the Strict-Transport-Security header, the website is vulnerable to man-in-the-middle attacks.",Missing Strict-Transport-Security Header,N/A,Medium,Implement Strict-Transport-Security header to enforce secure connections.
"Web servers permitting directory listing are typically used for sharing files. Directory listing allows the client to view a simple list of all the files and folders hosted on the web server. The client is then able to traverse each directory and download the files. Cyber-criminals will utilise the presence of directory listing to discover sensitive files, download protected content, or even just learn how the web application is structured. Scanner discovered that the affected page permits directory listing.",https://www.owasp.org/index.php/OWASP_Periodic_Table_of_Vulnerabilities_-_Directory_Indexing,"CVSSV4 BASE SCORE 6.9, CVSSV4 VECTOR CVSS:4.0/AV:N/AC:L/AT:N/PR:N/UI:N/VC:L/VI:N/VA:N/SC:N/SI:N/SA:N, CVSSV3 BASE SCORE 5.3, CVSSV3 VECTOR CVSS:3.0/AV:N/AC:L/PR:N/UI:N/S:U/C:L/I:N/A:N, CVSS BASE SCORE 5.0, CVSS VECTOR CVSS2#AV:N/AC:L/Au:N/C:P/I:N/A:N",Directory Listing Vulnerability,98084,Medium,"Unless the web server is being utilised to share static and non-sensitive files, enabling directory listing is considered a poor security practice. This can typically be done with a simple configuration change on the server. The steps to disable the directory listing will differ depending on the type of server being used (IIS, Apache, etc.). If directory listing is required, and permitted, then steps should be taken to ensure that the risk of such a configuration is reduced. These can include: 1. Requiring authentication to access affected pages. 2. Adding the affected path to the `robots.txt` file to prevent the directory contents being searchable via search engines. 3. Ensuring that sensitive files are not stored within the web or document root. 4. Removing any files that are not required for the application to function."
The web application allows directory listing which can expose sensitive information to attackers.,https://owasp.org/www-community/attacks/Directory_listing,Attackers can easily discover and access sensitive files and directories on the server.,Directory Listing Enabled,98084,MEDIUM,Disable directory listing on the web server to prevent exposing sensitive information.
"The web application is missing important security headers such as X-Content-Type-Options, X-Frame-Options, and Feature-Policy.",https://developer.mozilla.org/en-US/docs/Web/HTTP/Headers,"Without these security headers, the web application is vulnerable to attacks that can compromise user data and the integrity of the application.",Missing HTTP Security Headers,001,High,"Implement proper security headers to protect against various attacks such as clickjacking, MIME sniffing, and unauthorized access to features."
"Client-side scripts are used extensively by modern web applications. They perform from simple functions (such as the formatting of text) up to full manipulation of client-side data and Operating System interaction. Unlike traditional Cross-Site Scripting (XSS), where the client is able to inject scripts into a request and have the server return the script to the client, DOM XSS does not require that a request be sent to the server and may be abused entirely within the loaded page. This occurs when elements of the DOM (known as the sources) are able to be manipulated to contain untrusted data, which the client-side scripts (known as the sinks) use or execute an unsafe way. Scanner has discovered that by inserting an HTML element into the page's DOM inputs (sources), it was possible to then have the HTML element rendered as part of the page by the sink.","http://projects.webappsec.org/w/page/13246920/Cross%20Site%20Scripting, https://www.owasp.org/index.php/DOM_Based_XSS, https://www.owasp.org/index.php/DOM_based_XSS_Prevention_Cheat_Sheet","CVSSV4 BASE SCORE 5.1, CVSSV4 VECTOR CVSS:4.0/AV:N/AC:L/AT:N/PR:N/UI:A/VC:N/VI:N/VA:N/SC:L/SI:L/SA:N, CVSSV3 BASE SCORE 6.1, CVSSV3 VECTOR CVSS:3.0/AV:N/AC:L/PR:N/UI:R/S:C/C:L/I:L/A:N",DOM-based Cross-Site Scripting (XSS),98109,Medium,"Client-side document rewriting, redirection, or other sensitive action, using untrusted data, should be avoided wherever possible, as these may not be inspected by server side filtering. To remedy DOM XSS vulnerabilities where these sensitive document actions must be used, it is essential to: 1. Ensure any untrusted data is treated as text, as opposed to being interpreted as code or mark-up within the page. 2. Escape untrusted data prior to being used within the page. Escaping methods will vary depending on where the untrusted data is being used. (See references for details.) 3. Use `document.createElement`, `element.setAttribute`, `element.appendChild`, etc. to build dynamic interfaces as opposed to HTML rendering methods such as `document.write`, `document.writeIn`, `element.innerHTML`, or `element.outerHTML `etc."
Allows attackers to inject malicious scripts into web pages viewed by other users.,"CWE 79, WASC Cross-Site Scripting, OWASP 2021-A3, 2010-A2, 2013-A3, 2017-A7, 2023-API8, 2019-API7",CVSS BASE SCORE 5.8,Cross-Site Scripting,N/A,Medium,Implement input validation and output encoding to prevent script injection.
"According to its self-reported version number, jQuery is prior to 3.4.0. Therefore, it may be affected by a prototype pollution vulnerability due to 'extend' function that can be tricked into modifying the prototype of 'Object'.","{'CWE': ['1321', '20', '400', '79'], 'WASC': ['Cross-Site Scripting', 'Denial of Service', 'Improper Input Handling'], 'OWASP': ['2010-A4', '2021-A3', '2021-A6', '2010-A2', '2013-A3', '2013-A9', '2017-A9', '2017-A5', '2013-A4', '2017-A7', '2019-API7', '2023-API8'], 'CVE': 'CVE-2019-11358', 'BID': '108023'}","{'CVSSV4 BASE SCORE': '-', 'CVSSV4 VECTOR': '-', 'CVSSV3 BASE SCORE': '6.1', 'CVSSV3 VECTOR': 'CVSS:3.0/AV:N/AC:L/PR:N/UI:R/S:C/C:L/I:L/A:N', 'CVSS BASE SCORE': '4.3', 'CVSS VECTOR': 'CVSS2#AV:N/AC:M/Au:N/C:N/I:P/A:N'}",jQuery Prototype Pollution Vulnerability,98590,Medium,Upgrade to jQuery version 3.4.0 or later.
The remote host use at least one SSL/TLS ciphers that does not offer forward secrecy (FS) also known as perfect forward secrecy (PFS). It's a feature that provides assurances the session keys will not be compromised even if the server’s private key is compromised.,"CWE 327, WASC Insufficient Transport Layer Protection, OWASP 2010-A9, 2013-A6, 2017-A3, 2021-A2, 2023-API8, 2019-API7","CVSSV4 BASE SCORE 6.0, CVSSV4 VECTOR CVSS:4.0/AV:N/AC:H/AT:N/PR:N/UI:P/VC:H/VI:L/VA:N/SC:L/SI:L/SA:L, CVSSV3 BASE SCORE 6.5, CVSSV3 VECTOR CVSS:3.0/AV:N/AC:H/PR:N/UI:N/S:U/C:H/I:L/A:N, CVSS BASE SCORE 5.8, CVSS VECTOR CVSS2#AV:N/AC:M/Au:N/C:P/I:P/A:N",SSL/TLS Forward Secrecy Cipher Suites Not Supported,98617,Medium,Reconfigure the server to disable cipher suites without forward secrecy and retain only cipher suites that provide forward secrecy (ECDHE or DHE based cipher suites).
"Scanner has detected server-side source code within the server's response. A modern web application will be reliant on several different programming languages. These languages can be broken up in two flavours. These are client-side languages (such as those that run in the browser -- like JavaScript) and server-side languages (which are executed by the server -- like ASP, PHP, JSP, etc.) to form the dynamic pages (client-side code) that are then sent to the client. Because all server side code should be executed by the server, it should never be seen by the client, however in some scenarios it is possible that the server has a misconfiguration or the server side code has syntax errors, and therefore is not executed by the server but is instead sent to the client. As the server-side source code often contains sensitive information, such as database connection strings or details into the application workflow, this can be extremely risky. Cyber-criminals will attempt to discover pages that either accidentally or forcefully allow the server-side source code to be disclosed, to assist in discovering further vulnerabilities or sensitive information.","CWE 540, WASC Information Leakage","CVSSV4 BASE SCORE 6.9, CVSSV4 VECTOR CVSS:4.0/AV:N/AC:L/AT:N/PR:N/UI:N/VC:L/VI:N/VA:N/SC:N/SI:N/SA:N, CVSSV3 BASE SCORE 5.3, CVSSV3 VECTOR CVSS:3.0/AV:N/AC:L/PR:N/UI:N/S:U/C:L/I:N/A:N, CVSS BASE SCORE 5.0, CVSS VECTOR CVSS2#AV:N/AC:L/Au:N/C:P/I:N/A:N",Server-side Source Code Disclosure,98779,Medium,"It is important that the server does not deliver server side code to the client, and the server misconfiguration or server code should be changed to prevent this."
The scanner detected the presence of a 'PHP' source code in the web application response.,https://juice-shop-16-0-1-178712031365.us-west1.run.app/api-docs/swagger-ui-bundle.js,Disclosure of source code can lead to potential security vulnerabilities and exploitation.,PHP Source Code Disclosure,98779,MEDIUM,Remove the PHP source code from the web application to prevent disclosure.
"According to its self-reported version number, jQuery is at least 1.2.0 and prior to 3.5.0. Therefore, it may be affected by a cross-site scripting vulnerability via the regex operation in jQuery.htmlPrefilter.","{'CWE': '79', 'WASC': 'Cross-Site Scripting', 'OWASP': ['2021-A3', '2021-A6', '2010-A2', '2013-A3', '2013-A9', '2017-A7', '2017-A9', '2019-API7', '2023-API8'], 'CVE': ['CVE-2020-11022', 'CVE-2020-11023'], 'BID': '-'}","{'CVSSV3 BASE SCORE': 6.1, 'CVSSV3 VECTOR': 'CVSS:3.0/AV:N/AC:L/PR:N/UI:R/S:C/C:L/I:L/A:N', 'CVSS BASE SCORE': 4.3, 'CVSS VECTOR': 'CVSS2#AV:N/AC:M/Au:N/C:N/I:P/A:N'}",jQuery Cross-Site Scripting Vulnerability,112383,Medium,Upgrade to jQuery version 3.5.0 or later.
jQuery 1.2.0 < 3.5.0 Cross-Site Scripting Instances (1),https://juice-shop-16-0-1-178712031365.us-west1.run.app/,Cross-Site Scripting vulnerability allows attackers to inject malicious scripts into web pages viewed by other users.,Cross-Site Scripting,112383,MEDIUM,Upgrade jQuery to version 3.5.0
"According to its self-reported version number, jQuery is at least 1.4.0 and prior to 1.12.0 or at least 1.12.4 and prior to 3.0.0-beta1. Therefore, it may be affected by a cross-site scripting vulnerability due to cross-domain ajax request performed without the dataType.","{'CWE': '79', 'WASC': 'Cross-Site Scripting', 'OWASP': ['2021-A3', '2021-A6', '2010-A2', '2013-A3', '2013-A9', '2017-A7', '2017-A9', '2019-API7', '2023-API8'], 'CVE': 'CVE-2015-9251', 'BID': '105658'}","{'CVSSV3 BASE SCORE': 6.1, 'CVSSV3 VECTOR': 'CVSS:3.0/AV:N/AC:L/PR:N/UI:R/S:C/C:L/I:L/A:N', 'CVSS BASE SCORE': 4.3, 'CVSS VECTOR': 'CVSS2#AV:N/AC:M/Au:N/C:N/I:P/A:N'}",jQuery Cross-Site Scripting Vulnerability,112435,Medium,Upgrade to jQuery version 3.0.0 or later.
jQuery 1.12.4 < 3.0.0 Cross-Site Scripting Instances,https://juice-shop-16-0-1-178712031365.us-west1.run.app/,Cross-Site Scripting vulnerability allows attackers to inject malicious scripts into web pages viewed by other users,Cross-Site Scripting,112435,MEDIUM,Upgrade jQuery to version 3.0.0 or higher
"OpenAPI specification is an API description format for REST APIs. An OpenAPI file is written in YAML or JSON and describes all the API properties like the available endpoints with the related operations or the authentication methods. The `Schema` object allows the definition of input and output data types which can be objects or primitives and arrays. When some data types properties are missing on objects specified in the definition file, the API implementation could potentially allow malicious input formats, leaving it open to multiple vulnerabilities like Denial of Service (DoS) or Remote Code Execution (RCE). The scanner analyzed an OpenAPI definition file and detected the lack of properties on some data types.","CWE 20, WASC Improper Input Handling, OWASP 2010-A4, 2021-A3, 2013-A4, 2017-A5, 2019-API7, 2023-API8, CVE -, BID -","CVSSV4 BASE SCORE 6.3, CVSSV4 VECTOR CVSS:4.0/AV:N/AC:H/AT:N/PR:N/UI:N/VC:L/VI:L/VA:L/SC:N/SI:N/SA:N, CVSSV3 BASE SCORE 5.6, CVSSV3 VECTOR CVSS:3.0/AV:N/AC:H/PR:N/UI:N/S:U/C:L/I:L/A:L, CVSS BASE SCORE 6.8, CVSS VECTOR CVSS2#AV:N/AC:M/Au:N/C:P/I:P/A:P",OpenAPI Permissive Input Validation,113258,Medium,Ensure that the missing properties are declared in the OpenAPI definition file according to the file specification and that the API backend enforces the validation of these properties on the inputs.
The scanner detected the presence of permissive input(s) in the API host(s) used in the detected OpenAPI file.,https://juice-shop-16-0-1-178712031365.us-west1.run.app/api-docs/,Attackers could exploit the lack of input validation to manipulate data and potentially compromise the application.,Permissive Input Validation,113258,MEDIUM,"Implement proper input validation by declaring 'format', 'maxLength', 'pattern', 'maximum', and 'minimum' properties for parameters."
"Prometheus is an open-source monitoring solution which is designed to record metrics in a dimensional data model to make it available through its own PromQL query language or built-in visualization capabilities. Prometheus offer multiple libraries (named 'Exporters') to help exporting these endpoints and make it available to third-party tools. When publicly exposed, a remote and unauthenticated attacker could leverage the data to understand the target application environment and try conducting further attack.","CWE 16, 538, WASC Application Misconfiguration, Predictable Resource Location, OWASP 2021-A5, 2017-A6, 2021-A1, 2013-A5, 2010-A6, 2023-API8, 2023-API3, 2019-API3, 2019-API7","CVSSV4 BASE SCORE 6.9, CVSSV3 BASE SCORE 5.3, CVSS BASE SCORE 5.0",Prometheus Sensitive Endpoint Detected,114012,Medium,Ensure that the detected sensitive endpoint is not publicly available by requiring authentication or applying IP source filtering.
The scanner detected the exposure of a sensitive Prometheus endpoint.,https://juice-shop-16-0-1-178712031365.us-west1.run.app/metrics,Exposure of sensitive information can lead to data breaches and unauthorized access.,Sensitive Prometheus Endpoint Exposure,114012,MEDIUM,Secure the Prometheus endpoint to prevent unauthorized access.
"Cross Origin Resource Sharing (CORS) is an HTML5 technology which gives modern web browsers the ability to bypass restrictions implemented by the Same Origin Policy. The Same Origin Policy requires that both the JavaScript and the page are loaded from the same domain in order to allow JavaScript to interact with the page. This in turn prevents malicious JavaScript being executed when loaded from external domains. The CORS policy allows the application to specify exceptions to the protections implemented by the browser, and enables the developer to specify allowlisted domains for which external JavaScript is permitted to execute and interact with the page. The 'Access-Control-Allow-Origin' header is insecure when set to '*' or null, as it allows any domain to perform cross-domain requests and read responses. An attacker could abuse this configuration to retrieve private content from an application which does not use standard authentication mechanisms (for example, an Intranet allowing access from the internal network only).","https://developer.mozilla.org/en-US/docs/Web/HTTP/Access_control_CORS, https://www.owasp.org/index.php/CORS_OriginHeaderScrutiny","CVSSV4 BASE SCORE 2.1, CVSSV4 VECTOR CVSS:4.0/AV:N/AC:H/AT:N/PR:N/UI:A/VC:L/VI:N/VA:N/SC:N/SI:N/SA:N, CVSSV3 BASE SCORE 3.1, CVSSV3 VECTOR CVSS:3.0/AV:N/AC:H/PR:N/UI:R/S:U/C:L/I:N/A:N, CVSS BASE SCORE 2.6, CVSS VECTOR CVSS2#AV:N/AC:H/Au:N/C:P/I:N/A:N",Insecure 'Access-Control-Allow-Origin' Header,98057,Low,"Unless the target application is specifically designed to serve public content to any domain, the 'Access-Control-Allow-Origin' should be configured with an allowlist including only known and trusted domains to perform cross-domain requests if needed, or should be disabled."
"The web application allows requests from any origin, which can lead to Cross-Origin Resource Sharing (CORS) vulnerabilities.",https://owasp.org/www-community/attacks/csrf,Attackers can exploit this vulnerability to perform Cross-Site Request Forgery (CSRF) attacks.,Access-Control-Allow-Origin Header Misconfiguration,001,Medium,Restrict the Access-Control-Allow-Origin header to only trusted origins.
"The Access-Control-Allow-Origin header is missing, allowing for potential Cross-Origin Resource Sharing (CORS) vulnerabilities.",https://developer.mozilla.org/en-US/docs/Web/HTTP/CORS,This vulnerability could allow attackers to perform cross-site request forgery (CSRF) attacks or access sensitive data from other domains.,Access-Control-Allow-Origin Header Missing,001,High,Ensure that the Access-Control-Allow-Origin header is properly configured to only allow trusted origins.
"Clickjacking (User Interface redress attack, UI redress attack, UI redressing) is a malicious technique of tricking a Web user into clicking on something different from what the user perceives they are clicking on, thus potentially revealing confidential information or taking control of their computer while clicking on seemingly innocuous web pages. The server didn't return an `X-Frame-Options` header which means that this website could be at risk of a clickjacking attack. The `X-Frame-Options` HTTP response header can be used to indicate whether or not a browser should be allowed to render a page inside a frame or iframe. Sites can use this to avoid clickjacking attacks, by ensuring that their content is not embedded into other sites.","CWE 1021, 346, WASC Application Misconfiguration, OWASP 2021-A7, 2017-A6, 2021-A4, 2013-A5, 2010-A6, 2023-API8, 2019-API7, CVE -","CVSSV4 BASE SCORE 2.1, CVSSV4 VECTOR CVSS:4.0/AV:N/AC:H/AT:N/PR:N/UI:A/VC:N/VI:L/VA:N/SC:L/SI:L/SA:N, CVSSV3 BASE SCORE 3.1, CVSSV3 VECTOR CVSS:3.0/AV:N/AC:H/PR:N/UI:R/S:U/C:N/I:L/A:N, CVSS BASE SCORE 2.6, CVSS VECTOR CVSS2#AV:N/AC:H/Au:N/C:N/I:P/A:N",Missing 'X-Frame-Options' Header,98060,Low,Configure your web server to include an `X-Frame-Options` header.
"The HttpOnly flag assists in the prevention of client side-scripts (such as JavaScript) from accessing and using the cookie. This can help prevent XSS attacks from targeting the cookies holding the client's session token (setting the HttpOnly flag does not prevent, nor safeguard against XSS vulnerabilities themselves).","CWE 1004, WASC Application Misconfiguration, OWASP 2010-A9, 2013-A6, 2017-A3, 2021-A5, CVE -, BID -","CVSSV4 BASE SCORE 2.1, CVSSV4 VECTOR CVSS:4.0/AV:N/AC:H/AT:N/PR:N/UI:A/VC:L/VI:N/VA:N/SC:N/SI:N/SA:N, CVSSV3 BASE SCORE 3.1, CVSSV3 VECTOR CVSS:3.0/AV:N/AC:H/PR:N/UI:R/S:U/C:L/I:N/A:N, CVSS BASE SCORE 2.6, CVSS VECTOR CVSS2#AV:N/AC:H/Au:N/C:P/I:N/A:N",Cookie Without HttpOnly Flag Detected,98063,Low,"The initial step to remedy this would be to determine whether any client-side scripts (such as JavaScript) need to access the cookie and if not, set the HttpOnly flag. It should be noted that some older browsers are not compatible with the HttpOnly flag; therefore, setting this flag will not protect those clients against this form of attack."
The scanner detected a cookie named 'language' set with JavaScript which prevents the HTTPOnly attribute from being used.,https://owasp.org/www-community/HttpOnly,Sensitive information stored in cookies may be vulnerable to theft by malicious scripts.,Cookie Missing HTTPOnly Attribute,001,Medium,"If the cookie is set to handle sensitive information (for example session-based information), it should be set via the HTTP method."
"The scanner detected a cookie named 'continueCode' set with JavaScript which prevents the HTTPOnly attribute from being used. If the cookie is set to handle sensitive information (for example session-based information), it should be set via the HTTP method.",https://owasp.org/www-community/HttpOnly,Potential for sensitive information leakage,Missing HTTPOnly attribute in cookie,001,Medium,Ensure that the 'continueCode' cookie is set with the HTTPOnly attribute to prevent client-side scripts from accessing it.
"When the `secure` flag is set on a cookie, the browser will prevent it from being sent over a clear text channel (HTTP) and only allow it to be sent when an encrypted channel is used (HTTPS). The scanner discovered that a cookie was set by the server without the secure flag being set. Although the initial setting of this cookie was via an HTTPS connection, any HTTP link to the same server will result in the cookie being sent in clear text. Note that if the cookie does not contain sensitive information, the risk of this vulnerability is mitigated.","CWE 614, WASC Insufficient Transport Layer Protection, OWASP 2010-A9, 2013-A6, 2017-A3, 2021-A5, CVE -, BID -","CVSSV4 BASE SCORE 2.1, CVSSV4 VECTOR CVSS:4.0/AV:N/AC:H/AT:N/PR:N/UI:A/VC:L/VI:N/VA:N/SC:N/SI:N/SA:N, CVSSV3 BASE SCORE 3.1, CVSSV3 VECTOR CVSS:3.0/AV:N/AC:H/PR:N/UI:R/S:U/C:L/I:N/A:N, CVSS BASE SCORE 2.6, CVSS VECTOR CVSS2#AV:N/AC:H/Au:N/C:P/I:N/A:N",Cookie Without Secure Flag Detected,98064,Low,"If the cookie contains sensitive information, then the server should ensure that the cookie has the `secure` flag set."
The scanner detected a cookie named 'cookieconsent_status' set with JavaScript without the Secure flag set.,https://owasp.org/www-community/HttpOnly,This vulnerability could allow an attacker to intercept the cookie and potentially perform session hijacking or other attacks.,Missing Secure Flag in Cookie,001,Medium,Ensure that the Secure flag is set for cookies to prevent them from being transmitted over insecure channels.
The scanner detected a cookie named 'language' set with JavaScript without the Secure flag set.,https://owasp.org/www-community/HttpOnly,An attacker could potentially intercept the cookie and access sensitive information.,Cookie Missing Secure Flag,001,Medium,Set the Secure flag for the 'language' cookie to ensure it is only sent over secure connections.
"The HTTP headers sent by the remote web server disclose information that can aid an attacker, such as the server version and technologies used by the web server.","CWE 200, WASC Information Leakage, OWASP 2017-A6, 2021-A1, 2013-A5, 2010-A6, 2023-API8, 2019-API7","CVSSV4 BASE SCORE 2.1, CVSSV3 BASE SCORE 3.1, CVSS BASE SCORE 2.6",HTTP Header Information Disclosure,98618,Low,Modify the HTTP headers of the web server to not disclose detailed information about the underlying web server.
"The server information (Google Frontend) is disclosed in the response headers, potentially providing attackers with information to exploit vulnerabilities specific to that server.",https://owasp.org/www-community/vulnerabilities/Information_Leakage,Attackers can use this information to target specific vulnerabilities in the server software.,Header Information Disclosure,001,Medium,Remove or obfuscate server information in response headers to prevent disclosure.
The server information (Google Frontend) is disclosed in the response headers.,https://owasp.org/www-community/attacks/Information_Disclosure,Attackers can use this information to target specific vulnerabilities in the server software.,Information Disclosure,001,Medium,Remove or obfuscate server information in response headers.
"The web application does not have a Content Security Policy (CSP) header set, which can leave it vulnerable to various types of attacks such as cross-site scripting (XSS).",https://developer.mozilla.org/en-US/docs/Web/HTTP/Headers/Content-Security-Policy,Attackers could potentially exploit vulnerabilities in the web application through XSS attacks.,Missing Content Security Policy (CSP) Header,001,High,Implement a Content Security Policy (CSP) header to restrict the sources from which certain types of content can be loaded.
"The web application does not have the X-XSS-Protection header set, which can leave it vulnerable to cross-site scripting (XSS) attacks.",https://developer.mozilla.org/en-US/docs/Web/HTTP/Headers/X-XSS-Protection,Attackers could potentially inject malicious scripts into the web application.,Missing X-XSS-Protection Header,002,Medium,Enable the X-XSS-Protection header with a value of '1; mode=block' to protect against XSS attacks.
"The HTTP 'X-Content-Type-Options' response header prevents the browser from MIME-sniffing a response away from the declared content-type. The server did not return a correct 'X-Content-Type-Options' header, which means that this website could be at risk of a Cross-Site Scripting (XSS) attack.","{'CWE': 693, 'WASC': 'Application Misconfiguration', 'OWASP': ['2017-A6', '2013-A5', '2010-A6', '2023-API8', '2019-API7'], 'CVE': '-', 'BID': '-'}","{'CVSSV4 BASE SCORE': 2.1, 'CVSSV4 VECTOR': 'CVSS:4.0/AV:N/AC:H/AT:N/PR:N/UI:A/VC:L/VI:N/VA:N/SC:L/SI:L/SA:N', 'CVSSV3 BASE SCORE': 3.1, 'CVSSV3 VECTOR': 'CVSS:3.0/AV:N/AC:H/PR:N/UI:R/S:U/C:L/I:N/A:N', 'CVSS BASE SCORE': 2.6, 'CVSS VECTOR': 'CVSS2#AV:N/AC:H/Au:N/C:P/I:N/A:N'}",Missing 'X-Content-Type-Options' Header,112529,Low,Configure your web server to include an 'X-Content-Type-Options' header with a value of 'nosniff'.
The remote host supports the use of SSL/TLS ciphers that offer weak encryption (including RC4 and 3DES encryption).,"{'CWE': 326, 'WASC': 'Application Misconfiguration', 'OWASP': ['2010-A7', '2013-A6', '2017-A3', '2021-A2', '2023-API8', '2019-API7'], 'CVE': '-', 'BID': '-'}","{'CVSSV4 BASE SCORE': 2.3, 'CVSSV4 VECTOR': 'CVSS:4.0/AV:N/AC:H/AT:N/PR:N/UI:P/VC:L/VI:N/VA:N/SC:N/SI:N/SA:N', 'CVSSV3 BASE SCORE': 3.7, 'CVSSV3 VECTOR': 'CVSS:3.0/AV:N/AC:H/PR:N/UI:N/S:U/C:L/I:N/A:N', 'CVSS BASE SCORE': 2.6, 'CVSS VECTOR': 'CVSS2#AV:N/AC:H/Au:N/C:P/I:N/A:N'}",SSL/TLS Weak Cipher Suites Supported,112539,Low,"Reconfigure the affected application, if possible to avoid the use of weak ciphers."
"Content Security Policy (CSP) is a web security standard that helps to mitigate attacks like cross-site scripting (XSS), clickjacking or mixed content issues. CSP provides mechanisms to websites to restrict content that browsers will be allowed to load. No CSP header has been detected on this host. This URL is flagged as a specific example.","CWE 1021, WASC Application Misconfiguration, OWASP 2017-A6, 2021-A4, 2013-A5, 2010-A6, 2023-API8, 2019-API7, CVE -","CVSSV4 BASE SCORE 2.1, CVSSV4 VECTOR CVSS:4.0/AV:N/AC:H/AT:N/PR:N/UI:A/VC:L/VI:N/VA:N/SC:N/SI:N/SA:N, CVSSV3 BASE SCORE 3.1, CVSSV3 VECTOR CVSS:3.0/AV:N/AC:H/PR:N/UI:R/S:U/C:L/I:N/A:N, CVSS BASE SCORE 2.6, CVSS VECTOR CVSS2#AV:N/AC:H/Au:N/C:P/I:N/A:N",Missing Content Security Policy,112551,Low,Configure Content Security Policy on your website by adding 'Content-Security-Policy' HTTP header or meta tag http-equiv='Content-Security-Policy'.
The URLs https://juice-shop-16-0-1-178712031365.us-west1.run.app/ftp/quarantine and https://juice-shop-16-0-1-178712031365.us-west1.run.app/b2b/v2/orders do not have a Content Security Policy defined.,https://developer.mozilla.org/en-US/docs/Web/HTTP/Headers/Content-Security-Policy,The lack of a Content Security Policy increases the risk of XSS attacks on the web application.,Missing Content Security Policy,001,Medium,Implement a Content Security Policy to mitigate the risk of cross-site scripting (XSS) attacks.
"The HTTP 'Cache-Control' header is used to specify directives for caching mechanisms. The server did not return or returned an invalid 'Cache-Control' header which means page containing sensitive information (password, credit card, personal data, social security number, etc) could be stored on client side disk and then be exposed to unauthorised persons. This URL is flagged as a specific example.","CWE 525, WASC Application Misconfiguration, OWASP 2017-A6, 2021-A4, 2013-A5, 2010-A6, 2023-API8, 2019-API7, CVE -, BID -","CVSSV4 BASE SCORE 2.1, CVSSV3 BASE SCORE 3.7, CVSS BASE SCORE 2.6",Missing 'Cache-Control' Header,112553,Low,Configure your web server to include a 'Cache-Control' header with appropriate directives. If page contains sensitive information 'Cache-Control' value should be 'no-store' and 'Pragma' header value should be 'no-cache'.
The endpoint https://juice-shop-16-0-1-178712031365.us-west1.run.app/rest/products/1/reviews does not have a Cache Control header defined.,https://developer.mozilla.org/en-US/docs/Web/HTTP/Headers/Cache-Control,This can lead to sensitive information being cached on the client side or intermediary servers.,Missing Cache Control Header,001,Medium,Add a Cache Control header to the response to control caching behavior.
The URL https://juice-shop-16-0-1-178712031365.us-west1.run.app/socket.io/?EIO=4&transport=polling&t=PPlDpDO does not have a Cache-Control header defined.,https://developer.mozilla.org/en-US/docs/Web/HTTP/Headers/Cache-Control,"Without a Cache-Control header, the response may be cached by intermediate proxies or browsers, leading to potential security risks.",Missing Cache-Control Header,001,Medium,Add a Cache-Control header to the response to control caching behavior.
The URL https://juice-shop-16-0-1-178712031365.us-west1.run.app/rest/products/search?q= does not have a Cache Control header defined.,https://developer.mozilla.org/en-US/docs/Web/HTTP/Headers/Cache-Control,This can lead to sensitive information being stored in caches and potentially exposed to unauthorized users.,Missing Cache Control Header,002,Medium,Add a Cache Control header to the response to control caching behavior.
"Web Applications can sometimes expose web applications users in various places such as HTML comments, JavaScript code or API requests. By leveraging this information, an attacker can gather information and build further attacks against the target application.","CWE 16, 200, WASC Application Misconfiguration, Information Leakage, OWASP 2021-A5, 2017-A6, 2021-A1, 2013-A5, 2010-A6, 2023-API8, 2023-API3, 2019-API3, 2019-API7","CVSSV4 BASE SCORE 2.3, CVSSV3 BASE SCORE 3.7, CVSS BASE SCORE 2.6",Username Disclosure,114615,Low,Avoid disclosing usernames in your application content.
The scanner identified one or more `Generic` username(s) on the target page.,https://owasp.org/www-community/vulnerabilities/Information_Leakage,Exposure of usernames can lead to targeted attacks or unauthorized access.,Generic Username Disclosure,001,Medium,Ensure that sensitive information such as usernames are not exposed in HTTP responses.
SameSite is an attribute which can be set on a cookie to instruct the web browser if this cookie can be sent along with cross-site requests to help prevent Cross-Site Request Forgery (CSRF) attacks.,"https://blog.chromium.org/2019/10/developers-get-ready-for-new.html, https://cheatsheetseries.owasp.org/cheatsheets/Cross-Site_Request_Forgery_Prevention_Cheat_Sheet.html#samesite-cookie-attribute, https://developer.mozilla.org/en-US/docs/Web/HTTP/Headers/Set-Cookie/SameSite, https://web.dev/samesite-cookies-explained","CVSSV4 BASE SCORE 2.1, CVSSV3 BASE SCORE 3.1, CVSS BASE SCORE 2.6",Cookie Without SameSite Flag Detected,115540,Low,"The SameSite attribute should be set in every cookie to enforce the expected result by developers. When using the 'None' attribute value, ensure that the cookie is also set with the 'Secure' flag."
Allows an attacker to trick a user into executing actions on a web application without their consent.,"CWE 352, WASC Cross-Site Request Forgery, OWASP 2013-A8, 2010-A5, 2021-A1, 2023-API8, 2019-API7",CVSS VECTOR CVSS2#AV:N/AC:H/Au:N/C:P/I:N/A:N,Cross-Site Request Forgery,N/A,Medium,Implement CSRF tokens and ensure all state-changing requests require authentication.
The scanner detected a cookie named 'language' set with JavaScript which does not have the 'SameSite' attribute set.,https://developer.mozilla.org/en-US/docs/Web/HTTP/Headers/Set-Cookie/SameSite,This vulnerability could potentially lead to cross-site request forgery attacks.,Missing SameSite attribute in cookie,001,Medium,Set the 'SameSite' attribute for the cookie to prevent cross-site request forgery attacks.
Publishes the sitemap of the web application as seen by the scan. The list of all URLs that have been detected during the scan are available as an attachment.,Plugin Details,"The scan may reveal sensitive information about the web application's structure and URLs, potentially aiding attackers in identifying potential targets for exploitation.",Web Application Sitemap Vulnerability,98009,Info,
"The scan has discovered 5122 distinct URLs. Various URLs were not audited due to different reasons such as similarity to other pages, not within user-defined scan scope, redundancy with other processed URLs, file extension exclusions, target domain restrictions, and fragments not included in HTTP requests.",https://juice-shop-16-0-1-178712031365.us-west1.run.app/#/,Potential security vulnerabilities may remain undetected due to URLs not being audited.,Web Application Sitemap Instances,98009,Medium,Ensure all URLs are audited to identify potential security vulnerabilities.
"Provides a report of network timeouts encountered during the scan, showing URLs and the number of timeouts for each URL. Note that assessment will stop on any URLs in timeout state, and timeouts may increase significantly the overall duration of the scan.","CWE -
WASC -
OWASP -
CVE -
BID -","CVSSV4 BASE SCORE -
CVSSV4 VECTOR -
CVSSV3 BASE SCORE -
CVSSV3 VECTOR -
CVSS BASE SCORE -
CVSS VECTOR -",Network Timeout Encountered,98019,Info,"Check your web application logs and verify that it is functioning as expected and can handle significant amounts of traffic generated by the scanner. Additionally, the scan policy may be edited to optimize the performance settings."
"There are a number of HTTP methods that can be used on a webserver (`OPTIONS`, `HEAD`, `GET`, `POST`, `PUT`, `DELETE` etc.). Each of these methods perform a different function and each have an associated level of risk when their use is permitted on the webserver. By sending an HTTP OPTIONS request and a direct HTTP request for each method, the scanner discovered the methods that are allowed by the server.","CWE -
WASC -
OWASP -
CVE -
BID -","CVSSV4 BASE SCORE -
CVSSV4 VECTOR -
CVSSV3 BASE SCORE -
CVSSV3 VECTOR -
CVSS BASE SCORE -
CVSS VECTOR -",Allowed HTTP Methods,98047,Info,It is recommended that a whitelisting approach be taken to explicitly permit only the HTTP methods required by the application and block all others.
The scanner identified several HTTP methods that can be used for one or several URLs.,https://owasp.org/www-project-top-ten/OWASP_Top_Ten_2017/Top_10-2017_A6-Security_Misconfiguration,Attackers may exploit these HTTP methods to perform unauthorized actions on the web application.,Allowed HTTP Methods Instances,98047,Medium,Restrict the use of unnecessary HTTP methods to prevent potential security risks.
"The scanner identified some responses with a status code other than the usual 200 (OK), 301 (Moved Permanently), 302 (Found) and 404 (Not Found) codes. These codes can provide useful insights into the behavior of the web application and identify any unexpected responses to be addressed.","CWE -
WASC -
OWASP -
CVE -
BID -","CVSSV4 BASE SCORE -
CVSSV4 VECTOR -
CVSSV3 BASE SCORE -
CVSSV3 VECTOR -
CVSS BASE SCORE -
CVSS VECTOR -",Interesting Response,98050,Info,-
"The target web application allows the HTTP TRACE method, which can be used for cross-site tracing attacks.",https://www.owasp.org/index.php/Cross_Site_Tracing,An attacker could use the HTTP TRACE method to steal sensitive information such as cookies.,HTTP TRACE Method Enabled,98050,Medium,Disable the HTTP TRACE method in the web server configuration.
"The target web application returned a 500 Internal Server Error response, indicating a server-side issue.",https://developer.mozilla.org/en-US/docs/Web/HTTP/Status/500,The server error could potentially lead to data loss or service disruption.,Internal Server Error (500),98050,High,Investigate the server logs to identify the root cause of the error and fix it.
"The application does not validate user input before processing it, which can lead to various security vulnerabilities such as SQL injection, cross-site scripting, and command injection.",https://owasp.org/www-project-top-ten/OWASP_Top_Ten_2017/Top_10-2017_A1-Injection,"Attackers can exploit this vulnerability to execute malicious code, steal sensitive information, or manipulate the application's behavior.",Missing Input Validation,001,High,Implement input validation mechanisms to ensure that user input is sanitized and safe for processing.
"The application is exposing sensitive data in the response headers, which can be intercepted by attackers and used for malicious purposes.",https://owasp.org/www-project-top-ten/OWASP_Top_Ten_2017/Top_10-2017_A3-Sensitive_Data_Exposure,"Attackers can intercept sensitive data and use it for identity theft, fraud, or other malicious activities.",Sensitive Data Exposure,002,Medium,Ensure that sensitive data is not exposed in response headers and implement proper encryption mechanisms to protect data in transit.
"The X-Frame-Options header is not set to 'DENY' or 'SAMEORIGIN', leaving the application vulnerable to clickjacking attacks.",https://developer.mozilla.org/en-US/docs/Web/HTTP/Headers/X-Frame-Options,Clickjacking attacks can lead to unauthorized actions being performed by users unknowingly.,Missing X-Frame-Options Header,001,Medium,Set the X-Frame-Options header to 'DENY' or 'SAMEORIGIN' to prevent clickjacking attacks.
The web application is returning a response code '500' which may indicate abnormal behavior and require further investigation.,https://owasp.org/www-community/HTTP_Response_Splitting,The '500' response code could indicate server errors or potential security vulnerabilities.,HTTP/2 500 Response Code,001,High,Investigate the cause of the '500' response code and address any underlying issues.
"A response with a 500 status code indicates an internal server error, which may be due to abnormal behavior of the target.",https://owasp.org/www-community/Http_Response_Splitting,The internal server error could potentially lead to service disruption or data loss.,HTTP 500 Response Code,001,High,Further investigation is required to identify the root cause of the error and address it.
A response with a response code '500' indicates a server error which may require further investigation to verify if this response is due to abnormal behavior of the target.,https://owasp.org/www-community/attacks/Server_Side_Request_Forgery,The server error could potentially lead to service disruption or data loss.,HTTP Response Code 500,001,High,Investigate the server error and address any underlying issues that may be causing abnormal behavior.
A response with a response code '400' indicates a bad request which may require further investigation to verify if this response is due to abnormal behavior of the target.,https://owasp.org/www-community/attacks/Injection,The bad request could potentially lead to unexpected behavior or security vulnerabilities.,HTTP Response Code 400,002,Medium,Investigate the bad request and ensure that the request is properly formatted and valid.
"The server responded with a HTTP 500 error code, indicating a potential abnormal behavior of the target.",https://owasp.org/www-community/HTTP_Response_Splitting,The HTTP 500 error could be exploited by attackers to disrupt the normal functioning of the web application.,HTTP 500 Error Response,001,High,Further investigation is required to identify the root cause of the error and address any potential vulnerabilities.
The server responded with a 502 status code which may indicate abnormal behavior.,https://owasp.org/www-community/vulnerabilities/502-response-code,Potential denial of service or data loss.,HTTP/2 502 response code,001,Medium,Investigate the cause of the 502 response code and address any underlying issues.
The server responded with a 500 status code which may indicate abnormal behavior.,https://owasp.org/www-community/vulnerabilities/500-response-code,Potential data loss or server compromise.,HTTP/2 500 response code,002,High,Investigate the cause of the 500 response code and address any underlying issues.
A response has been received with a response code '500' which may require further investigation to verify if this response is due to an abnormal behavior of the target.,https://developer.mozilla.org/en-US/docs/Web/HTTP/Status/500,"The 500 response code indicates a server error, which could potentially lead to service disruption or data loss.",HTTP/2 500 Response Code,N/A,Medium,Investigate the cause of the 500 response code and address any abnormal behavior.
"The web application is returning a response code of 500, indicating a server error. This may require further investigation to verify if this response is due to abnormal behavior of the target.",https://owasp.org/www-community/Http_Response_Code_500,The server error could potentially lead to service disruption or data loss.,HTTP Response Code 500,N/A,Medium,Investigate the server error and address any underlying issues causing the abnormal behavior.
"The response headers do not include a Content Security Policy (CSP) header, which can help prevent various types of attacks such as Cross-Site Scripting (XSS).",https://developer.mozilla.org/en-US/docs/Web/HTTP/Headers/Content-Security-Policy,"Without a CSP header, the web application is more vulnerable to XSS attacks, which can lead to unauthorized access to user data or account takeover.",Missing Content Security Policy (CSP),001,Medium,Implement a Content Security Policy (CSP) header in the response headers to mitigate the risk of XSS attacks.
"The request headers include 'Upgrade-Insecure-Requests: 1', indicating that the browser should upgrade insecure requests to secure HTTPS connections. However, this may not be sufficient to protect against certain types of attacks.",https://developer.mozilla.org/en-US/docs/Web/HTTP/Headers/Upgrade-Insecure-Requests,"Insecure requests can be intercepted and modified by attackers, leading to potential data leakage or injection attacks.",Insecure Request Headers,002,Low,Ensure that all requests are made over secure HTTPS connections to prevent potential security risks.
A response has been received with a response code '413' which may require further investigation to verify if this response is due to an abnormal behavior of the target.,https://owasp.org/www-community/HTTP_Response_Code_413,The abnormal response code could indicate a potential security vulnerability or misconfiguration in the target application.,HTTP Response Code 413,N/A,Medium,Investigate the cause of the abnormal response code and address any potential issues.
The server returned a response code '500' indicating an internal server error. Further investigation is needed to determine the cause of this error.,https://developer.mozilla.org/en-US/docs/Web/HTTP/Status/500,The server error could potentially lead to service disruption or data loss.,HTTP/2 500 Error,001,High,Investigate the server logs to identify the root cause of the error and address any issues that may be causing it.
"This is an informational plugin to inform the user what technologies the framework has detected on the target application, which can then be examined and checked for known vulnerable software versions","CWE -
WASC -
OWASP -
CVE -
BID -","CVSSV4 BASE SCORE -
CVSSV4 VECTOR -
CVSSV3 BASE SCORE -
CVSSV3 VECTOR -
CVSS BASE SCORE -
CVSS VECTOR -",Web Application Scanning Detailed Scan Export,98059,Info,"Only use components that do not have known vulnerabilities, only use components that when combined to not introduce a security vulnerability, and ensure that a misconfiguration does not cause any vulnerabilities"
"The scanner collected the cookies returned by the application during the scan. The list includes the following information for each cookie: - Name: name of the cookie - Value: value of the cookie - Domain: hosts to which the cookie will be sent - Path: URL path which must exist in the requested resource before sending the cookie - Expires: maximum lifetime of the cookie as an HTTP-date timestamp - Max-Age: number of seconds until the cookie expires - HttpOnly: cookie is set to be not accessible via JavaScript, XMLHttpRequest and Request APIs - Secure: cookie will be sent to the server only when a request is made using HTTPS - SameSite: cookie will be sent along with cross-site request according the defined policy - URL: first URL discovered which set the cookie in its response - Set-Method: method used by the application to set the cookie (Set-Cookie or JavaScript) - Audited: cookie will be audited by plugins during the scan - Reason Not Audited: reason given for the cookie not being audited during the scan","https://developer.mozilla.org/en-US/docs/Web/HTTP/Cookies, https://en.wikipedia.org/wiki/HTTP_cookie, https://tools.ietf.org/html/rfc6265",CVSSV4 BASE SCORE - CVSSV4 VECTOR - CVSSV3 BASE SCORE - CVSSV3 VECTOR - CVSS BASE SCORE - CVSS VECTOR -,Cookies Collected,98061,Info,-
"Scanner has detected a common directory on the remote web server. Web applications are often made up of multiple files and directories. It is possible that over time some directories may become unreferenced (unused) by the web application and forgotten about by the administrator or developer. Because web applications are built using common frameworks, they contain common directories that can be discovered (independent of server). During the initial reconnaissance stages of an attack, cyber-criminals will attempt to locate unreferenced directories in the hope that the directory will assist in further compromise of the web application. To achieve this, they will make thousands of requests using word lists containing common names. The response headers from the server will then indicate if the directory exists.",http://httpd.apache.org/docs/2.0/mod/mod_access.html http://projects.webappsec.org/w/page/13246953/Predictable%20Resource%20Location https://www.nginx.com/resources/admin-guide/restricting-access-auth-basic/ https://www.owasp.org/index.php/Forced_browsing,CVSSV4 BASE SCORE - CVSSV4 VECTOR - CVSSV3 BASE SCORE - CVSSV3 VECTOR - CVSS BASE SCORE - CVSS VECTOR -,Common Directories Detection,98072,Info,"If directories are unreferenced, then they should be removed from the web root and/or the application directory. Preventing access without authentication may also be an option and can stop a client from being able to view the contents of a file; however, it is still likely that the directory structure will be able to be discovered. Using obscure directory names is implementing 'security through obscurity' and is not a recommended option."
The application is using cookies to store sensitive information such as language settings and user preferences. This can be exploited by attackers to steal user data.,https://owasp.org/www-community/HttpOnly,Attackers can potentially steal sensitive user information stored in cookies.,Cookie Security,001,High,"Implement secure cookie practices such as using HttpOnly and Secure flags, encrypting sensitive data, and validating cookie data on the server side."
The scanner identified a common directory 'ftp' which may be vulnerable to directory listing attacks. This can expose sensitive files and directories to attackers.,https://owasp.org/www-community/Directory_listing,Attackers can potentially access sensitive files and directories on the server.,Directory Listing,002,Medium,Disable directory listing on the server to prevent attackers from accessing sensitive information.
"The common directory 'reviews' was identified by the scanner, potentially allowing unauthorized access to sensitive information.",https://owasp.org/www-community/attacks/Directory_listing,Unauthorized access to sensitive information,Directory Listing,001,High,Disable directory listing for the 'reviews' directory to prevent unauthorized access.
"Private, or non-routable, IP addresses are generally used within a home or company network and are typically unknown to anyone outside of that network. Cyber-criminals will attempt to identify the private IP address range being used by their victim, to aid in collecting further information that could then lead to a possible compromise. Scanner discovered that the affected page returned a RFC 1918 compliant private IP address and therefore could be revealing sensitive information. This finding typically requires manual verification to ensure the context is correct, as any private IP address within the HTML body will trigger it.",CWE - WASC -,CVSSV4 BASE SCORE - CVSSV4 VECTOR - CVSSV3 BASE SCORE - CVSSV3 VECTOR - CVSS BASE SCORE - CVSS VECTOR -,Private IP Address Disclosure,98077,Info,"Identifying the context in which the affected page displays a Private IP address is necessary. If the page is publicly accessible and displays the Private IP of the affected server (or supporting infrastructure), then measures should be put in place to ensure that the IP address is removed from any response."
"Email addresses are typically found on 'Contact us' pages, however, they can also be found within scripts or code comments of the application. They are used to provide a legitimate means of contacting an organisation. As one of the initial steps in information gathering, cyber-criminals will spider a website and using automated methods collect as many email addresses as possible, that they may then use in a social engineering attack. Using the same automated methods, scanner was able to detect one or more email addresses that were stored within the affected page.","CWE -
WASC -
OWASP -
CVE -
BID -","CVSSV4 BASE SCORE -
CVSSV4 VECTOR -
CVSSV3 BASE SCORE -
CVSSV3 VECTOR -
CVSS BASE SCORE -
CVSS VECTOR -",E-mail Address Disclosure,98078,Info,E-mail addresses should be presented in such a way that it is hard to process them automatically.
Publishes the target information of the starting url as evaluated by the scan.,"CWE -
WASC -
OWASP -
CVE -
BID -","CVSSV4 BASE SCORE -
CVSSV4 VECTOR -
CVSSV3 BASE SCORE -
CVSSV3 VECTOR -
CVSS BASE SCORE -
CVSS VECTOR -",Web Application Scanning Detailed Scan Export: Web app scan Juice Shop & bWAAP,98136,Info,-
The 'access-control-allow-origin' header is set to '*' which allows any origin to access the resource. This can lead to Cross-Origin Resource Sharing (CORS) vulnerabilities.,https://developer.mozilla.org/en-US/docs/Web/HTTP/Headers/Access-Control-Allow-Origin,This vulnerability can allow attackers to perform Cross-Site Request Forgery (CSRF) attacks and access sensitive data.,Access Control Allow Origin Misconfiguration,98136,Medium,Set the 'access-control-allow-origin' header to specific origins that are allowed to access the resource.
"Screenshot of the target web page, see attached image. This screenshot should show you the target page we are launching the scan against. If the image is not of the intended target page, please check the provided url in the scan configuration.","CWE -
WASC -
OWASP -
CVE -
BID -","CVSSV4 BASE SCORE -
CVSSV4 VECTOR -
CVSSV3 BASE SCORE -
CVSSV3 VECTOR -
CVSS BASE SCORE -
CVSS VECTOR -",Web Application Scanning Detailed Scan Export: Web app scan Juice Shop & bWAAP,98138,Info,-
Web app scan Juice Shop & bWAAP,N/A,N/A,Web Application Scanning Detailed Scan Export,98138,Informational,N/A
The scanner has detected the presence of a form during the crawling of the target web application. Details about the form are provided in the plugin output.,"CWE -
WASC -
OWASP -
CVE -
BID -","CVSSV4 BASE SCORE -
CVSSV4 VECTOR -
CVSSV3 BASE SCORE -
CVSSV3 VECTOR -
CVSS BASE SCORE -
CVSS VECTOR -",Form Detected,98148,Info,-
A form with no identifier has been detected on the URL https://juice-shop-16-0-1-178712031365.us-west1.run.app/b2b/v2/orders with no input fields,https://juice-shop-16-0-1-178712031365.us-west1.run.app/b2b/v2/orders,Potential for unauthorized data submission or manipulation,Form with no identifier,98148,Medium,Add proper identifiers and input fields to the form to improve security
A form with no identifier has been detected on the URL https://juice-shop-16-0-1-178712031365.us-west1.run.app/api-docs/ with input fields: download-url-input (text).,https://www.owasp.org/index.php/Top_10-2017_A3-Cross-Site_Scripting_(XSS),Potential for confusion and misuse of form data.,Form with no identifier,001,Medium,Add proper identifiers to the form elements to improve accessibility and security.
An external URL is an URL for which the Fully Qualified Domain Name (FQDN) is not the same as the web target URL one. The scanner detected the presence of external URLs on the target web application and have listed them based on two types : URLs with a domain name in common with the web target URL and all the other external URLs.,"CWE -
WASC -
OWASP -
CVE -
BID -","CVSSV4 BASE SCORE -
CVSSV4 VECTOR -
CVSSV3 BASE SCORE -
CVSSV3 VECTOR -
CVSS BASE SCORE -
CVSS VECTOR -",External URLs Vulnerability,98154,Info,-
The target application uses third party hostnames for 30 URLs.,https://owasp.org/www-community/attacks/Cross-site_Scripting_(XSS),The usage of third party hostnames can potentially lead to security vulnerabilities such as cross-site scripting (XSS) attacks or data leakage.,Third Party Hostname Usage,98154,Medium,Ensure that all URLs used in the application are from trusted sources and do not pose a security risk.
Permissions Policy provides mechanisms to websites to restrict the use of browser features in its own frame and in iframes that it embeds.,"CWE -
WASC -
OWASP -
CVE -
BID -","CVSSV4 BASE SCORE -
CVSSV4 VECTOR -
CVSSV3 BASE SCORE -
CVSSV3 VECTOR -
CVSS BASE SCORE -
CVSS VECTOR -",Missing Permissions Policy,98526,Info,Configure Permissions Policy on your website by adding 'Permissions-Policy' HTTP header.
A Feature-Policy header was found on the specified URLs but must be renamed to Permissions-Policy.,https://developer.mozilla.org/en-US/docs/Web/HTTP/Headers/Feature-Policy,Potential security risk due to misconfiguration of headers.,Missing Permissions Policy Instances,98526,Medium,Rename the Feature-Policy header to Permissions-Policy.
A Feature-Policy header was found on the specified URL but must be renamed to Permissions-Policy.,https://developer.mozilla.org/en-US/docs/Web/HTTP/Headers/Feature-Policy,This could lead to potential security risks as the header is not correctly named.,Feature-Policy Header,001,Medium,Rename the Feature-Policy header to Permissions-Policy.
A Feature-Policy header was found on the specified URL but must be renamed to Permissions-Policy.,https://developer.mozilla.org/en-US/docs/Web/HTTP/Headers/Feature-Policy,Potential security misconfiguration leading to improper handling of features in the web application.,Feature-Policy header found,001,Medium,Rename the Feature-Policy header to Permissions-Policy.
No Permissions-Policy headers were found on the specified URL.,https://developer.mozilla.org/en-US/docs/Web/HTTP/Headers/Feature-Policy,"Without proper Permissions-Policy headers, the web application may be vulnerable to various attacks.",Missing Permissions-Policy header,001,Medium,Implement Permissions-Policy headers to control the permissions of the web application.
A Feature-Policy header was found on the specified URL but it must be renamed to Permissions-Policy.,https://developer.mozilla.org/en-US/docs/Web/HTTP/Headers/Feature-Policy,This vulnerability could potentially allow for unauthorized access or actions on the web application.,Feature-Policy header found with incorrect name,001,Medium,Update the header name to Permissions-Policy.
A Feature-Policy header was found on the specified URLs but must be renamed to Permissions-Policy.,https://developer.mozilla.org/en-US/docs/Web/HTTP/Headers/Feature-Policy,This misconfiguration could potentially allow for unauthorized access or actions on the web application.,Feature-Policy Header Misconfiguration,001,Medium,Rename the Feature-Policy header to Permissions-Policy to ensure proper security configuration.
Referrer Policy provides mechanisms to websites to restrict referrer information (sent in the referer header) that browsers will be allowed to add. No Referrer Policy header or metatag configuration has been detected.,"CWE -
WASC -
OWASP -
CVE -
BID -","CVSSV4 BASE SCORE -
CVSSV4 VECTOR -
CVSSV3 BASE SCORE -
CVSSV3 VECTOR -
CVSS BASE SCORE -
CVSS VECTOR -",Missing Referrer Policy,98527,Info,Configure Referrer Policy on your website by adding 'Referrer-Policy' HTTP header or meta tag referrer in HTML.
No Referrer-Policy headers or body meta tags were found on https://juice-shop-16-0-1-178712031365.us-west1.run.app/,https://developer.mozilla.org/en-US/docs/Web/HTTP/Headers/Referrer-Policy,"Without a Referrer-Policy header, the website is vulnerable to attacks such as CSRF and information leakage.",Missing Referrer Policy Instances,98527,Medium,Add Referrer-Policy headers or body meta tags to the website to prevent certain types of attacks.
No Referrer-Policy headers or body meta tags were found on the specified URLs.,https://developer.mozilla.org/en-US/docs/Web/HTTP/Headers/Referrer-Policy,"Without a Referrer-Policy header, sensitive information could be leaked through referrer headers.",Missing Referrer-Policy Header,001,Medium,Add Referrer-Policy headers to the response to control how referrer information is passed between pages.
Subresource Integrity (SRI) is a web security standard that enables browsers to verify that resources hosted by third parties (CDN for example) are delivered without unexpected manipulation. SRI works by comparing a cryptographic hash declared in the integrity attribute of the resource tag (like script or link) used to fetch the resource and the calculated hash value of this resource. No SRI have been detected for one or more resources.,"CWE -
WASC -
OWASP -
CVE -
BID -","CVSSV4 BASE SCORE -
CVSSV4 VECTOR -
CVSSV3 BASE SCORE -
CVSSV3 VECTOR -
CVSS BASE SCORE -
CVSS VECTOR -",Missing Subresource Integrity,98647,Info,Add a integrity attribute to the resource tag with prefixed and base64 encoded hash of the resource.
The scanner detected 4 resources without subresource integrity defined: 2 URLs related to 'script' resources and 2 URLs related to 'link' resources.,https://www.owasp.org/index.php/Subresource_Integrity,"Without subresource integrity, the resources are vulnerable to attacks such as script injection.",Missing Subresource Integrity Instances,98647,Medium,Implement subresource integrity for the detected resources to prevent potential attacks.
The remote host contains a file named 'robots.txt' that is intended to prevent web 'robots' from visiting certain directories in a website for maintenance or indexing purposes. A malicious user may also be able to use the contents of this file to learn of sensitive documents or directories on the affected site and either retrieve them directly or target them for other attacks.,"CWE -
WASC -
OWASP -
CVE -
BID -","CVSSV4 BASE SCORE -
CVSSV4 VECTOR -
CVSSV3 BASE SCORE -
CVSSV3 VECTOR -
CVSS BASE SCORE -
CVSS VECTOR -",Robots.txt File Detected,98705,Info,"Review the contents of the site's robots.txt file, use Robots META tags instead of entries in the robots.txt file, and/or adjust the web server's access controls to limit access to sensitive material."
"The scan detected that the web application makes requests that appear to be using Fetch or XMLHTTPRequests (XHRs) to communicate with a backend API server. Fetchs/XHRs allow retrieval of data from an API without triggering a page reload, making them especially useful for Single Page Applications.","CWE -
WASC -
OWASP -
CVE -
BID -","CVSSV4 BASE SCORE -
CVSSV4 VECTOR -
CVSSV3 BASE SCORE -
CVSSV3 VECTOR -
CVSS BASE SCORE -
CVSS VECTOR -",Fetch/XHR Detected,98772,Info,-
The scan detected XMLHttpRequests with misconfigured MIME types.,https://owasp.org/www-project-top-ten/2017/A6_2017-Security_Misconfiguration,Potential for data leakage or manipulation due to incorrect MIME type handling.,XMLHttpRequests MIME Type Misconfiguration,98772,Medium,Ensure that XMLHttpRequests are configured with appropriate MIME types to prevent potential security vulnerabilities.
This plugin displays information about the X.509 certificate extracted from the HTTPS connection.,CWE - WASC - OWASP - CVE - BID -,CVSSV4 BASE SCORE -,SSL/TLS Certificate Information,112491,Info,-
"The SSL/TLS certificate for the web application has multiple alternative names, which may increase the attack surface and potential for spoofing attacks.",https://juice-shop-16-0-1-178712031365.us-west1.run.app/,Potential for spoofing attacks and unauthorized access.,SSL/TLS Certificate Information Vulnerability,112491,Medium,Ensure that the SSL/TLS certificate only includes necessary alternative names and regularly monitor for unauthorized changes.
This plugin displays information about the SSL/TLS versions supported by remote server for HTTPS connection.,"CWE -
WASC -
OWASP -
CVE -
BID -","CVSSV4 BASE SCORE -
CVSSV4 VECTOR -
CVSSV3 BASE SCORE -
CVSSV3 VECTOR -
CVSS BASE SCORE -
CVSS VECTOR -",SSL/TLS Versions Supported,112530,Info,-
"The web application supports outdated SSL/TLS versions (SSL 2.0, SSL 3.0, TLS 1.0, TLS 1.1) which are known to have security vulnerabilities.",https://www.owasp.org/index.php/Transport_Layer_Protection_Cheat_Sheet,"The use of outdated SSL/TLS versions can expose the web application to various security risks such as POODLE, BEAST, and DROWN attacks.",SSL/TLS Version Support,112530,High,Upgrade the SSL/TLS versions to TLS 1.2 or TLS 1.3 to mitigate the risk of potential attacks.
The remote web server contains an application which is affected by a path disclosure issue. It may be possible for an attacker to view full path names and conduct further attacks.,"CWE -
WASC -
OWASP -
CVE -
BID -","CVSSV4 BASE SCORE -
CVSSV4 VECTOR -
CVSSV3 BASE SCORE -
CVSSV3 VECTOR -
CVSS BASE SCORE -
CVSS VECTOR -",Full Path Disclosure,112550,Info,"Disable all notice, warning and error displaying."
"The remote server is not configured with a SSL/TLS cipher suite preference list, making the cipher suite selection during the negotiation use the ordered list from the client.","{'CWE': '-', 'WASC': '-', 'OWASP': '-', 'CVE': '-', 'BID': '-'}","{'CVSSV4 BASE SCORE': '-', 'CVSSV4 VECTOR': '-', 'CVSSV3 BASE SCORE': '-', 'CVSSV3 VECTOR': '-', 'CVSS BASE SCORE': '-', 'CVSS VECTOR': '-'}",SSL/TLS Server Cipher Suite Preference Not Detected,112599,Info,-
The scanner identified the supported versions of the HTTP protocol on the target web application.,"CWE -
WASC -
OWASP -
CVE -
BID -","CVSSV4 BASE SCORE -
CVSSV4 VECTOR -
CVSSV3 BASE SCORE -
CVSSV3 VECTOR -
CVSS BASE SCORE -
CVSS VECTOR -",Allowed HTTP Versions,112613,Info,-
"The target application allows multiple HTTP versions (HTTP/1.0, HTTP/1.1, HTTP/2) which may lead to security vulnerabilities.",https://owasp.org/www-project-top-ten/2017/A6_2017-Security_Misconfiguration,Attackers may exploit vulnerabilities specific to certain HTTP versions to launch attacks on the application.,Allowed HTTP Versions Instances,112613,Medium,Restrict the allowed HTTP versions to only the necessary ones and disable any unnecessary versions.
A OpenAPI configuration file has been detected and is available as an attachment below. OpenAPI is a specification that helps with documentation and consumption of REST APIs and may also be used to configure API scanning.,"{'CWE': '-', 'WASC': '-', 'OWASP': '-', 'CVE': '-', 'BID': '-'}","{'CVSSV4 BASE SCORE': '-', 'CVSSV4 VECTOR': '-', 'CVSSV3 BASE SCORE': '-', 'CVSSV3 VECTOR': '-', 'CVSS BASE SCORE': '-', 'CVSS VECTOR': '-'}",OpenAPI File Detected,112615,Info,-
The scan detected that some XHR requests seem to call an API. The scanner generated an OpenAPI file based on the observed requests and attached it to the plugin output. This OpenAPI file can then be used to run a scan against the API with WAS API Scanning.,"CWE -
WASC -
OWASP -
CVE -
BID -","CVSSV4 BASE SCORE -
CVSSV4 VECTOR -
CVSSV3 BASE SCORE -
CVSSV3 VECTOR -
CVSS BASE SCORE -
CVSS VECTOR -",API Detected,112616,Info,-
API endpoints have been detected for the following host(s): - https://juice-shop-16-0-1-178712031365.us-west1.run.app - https://github.com,https://juice-shop-16-0-1-178712031365.us-west1.run.app/#/,"Exposure of API endpoints can lead to unauthorized access, data leakage, and potential security breaches.",API endpoints exposed,112616,Medium,Ensure that sensitive API endpoints are properly secured and access is restricted to authorized users only.
"A Security.txt file has been detected on the target. When security risks in web services are discovered by independent security researchers, this file defines the channels to disclose them properly. As a result, security issues may be disclosed by 3rd party researchers securely in a manner defined by the organization.","{'CWE': '-', 'WASC': '-', 'OWASP': '-', 'CVE': '-', 'BID': '-'}","{'CVSSV4 BASE SCORE': '-', 'CVSSV4 VECTOR': '-', 'CVSSV3 BASE SCORE': '-', 'CVSSV3 VECTOR': '-', 'CVSS BASE SCORE': '-', 'CVSS VECTOR': '-'}",Security.txt File Detected,112722,Info,-
An out-of-date version of JQuery has been detected. An outdated version could have vulnerabilities or missing security features.,"{'CWE': '-', 'WASC': '-', 'OWASP': '-', 'CVE': '-', 'BID': '-'}","{'CVSSV4 BASE SCORE': '-', 'CVSSV4 VECTOR': '-', 'CVSSV3 BASE SCORE': '-', 'CVSSV3 VECTOR': '-', 'CVSS BASE SCORE': '-', 'CVSS VECTOR': '-'}",Out-of-Date JQuery Detected,113027,Info,Upgrade to the latest version of JQuery.
The remote server presents an SSL/TLS certificate with wildcard entries. The use of a wildcard character in a entry permits a certificate to cover a number of subdomains of a domain.,"CWE -
WASC -
OWASP -
CVE -
BID -","CVSSV4 BASE SCORE -
CVSSV4 VECTOR -
CVSSV3 BASE SCORE -
CVSSV3 VECTOR -
CVSS BASE SCORE -
CVSS VECTOR -",SSL/TLS Certificate Contains Wildcard Entries,113045,Info,-
Three attachments are included in this finding to assist in performance tuning of your scan: -pages_telemetry.csv: Scan statistics organized by page -plugins_telemetry.csv: Scan statistics organized by plugin -time_telemetry.csv: Chronological scan statistics,https://juice-shop-16-0-1-178712031365.us-west1.run.app/#/,Exposure of scan statistics can potentially reveal sensitive information about the web application and its vulnerabilities.,Web Application Scanning Detailed Scan Export,113393,Medium,Ensure that sensitive information is not exposed in the scan statistics files. Limit access to these files to authorized personnel only.
"Web applications relying on JavaScript often need to perform cross-origin communication between `Window` objects such as a page and an embedded iframe or a popup window. The postMessage API allows developers to circumvent the same-origin policy restrictions in order to exchange data between scripts located on different origins. Depending on the application needs, messages event listeners could be added to use received messages in part of its logic. However, if the data received in these messages are used, for example, to build the page DOM, an attacker could leverage this issue to inject malicious data and conduct client-side attacks like Cross-Site Scripting (XSS) or Prototype Pollution.","CWE -
WASC -
OWASP -
CVE -
BID -","CVSSV4 BASE SCORE -
CVSSV4 VECTOR -
CVSSV3 BASE SCORE -
CVSSV3 VECTOR -
CVSS BASE SCORE -
CVSS VECTOR -",PostMessage Wildcard Event Listener Detected,113851,Info,Remove the message event listener if this is not needed in the application logic or verify that the message sender origin is matching with a trusted allowlist.
"HTML comments are often used by developers to include information related to the application inline, which are ignored by a clients browser during rendering. These comments may include sensitive information such as SQL queries, credentials or internal IP for example.","CWE -
WASC -
OWASP -
CVE -
BID -","CVSSV4 BASE SCORE -
CVSSV4 VECTOR -
CVSSV3 BASE SCORE -
CVSSV3 VECTOR -
CVSS BASE SCORE -
CVSS VECTOR -",HTML Comments Detected,113897,Info,"Review the HTML comments identified on the page for any information leakage, and remove any sensitive information identified."
2 HTML comments have been detected in the application HTTP response.,https://owasp.org/www-community/attacks/Information_Leakage_through_HTML_Comments,The presence of HTML comments in HTTP responses can potentially expose sensitive information about the application's structure or functionality.,HTML Comments in HTTP Response,001,Medium,Remove or sanitize HTML comments to prevent potential information disclosure.
"Developers often combine and minify their application JavaScript sources to help the server delivering it more efficiently to the client browsers. Sometimes, web applications JavaScript code may also be transpiled from another language like CoffeeScript of TypeScript. A source map is a file that maps from the transformed source code to the original source, allowing the browser to reconstruct the original source code and present it to the debugger.","CWE -
WASC -
OWASP -
CVE -
BID -","CVSSV4 BASE SCORE -
CVSSV4 VECTOR -
CVSSV3 BASE SCORE -
CVSSV3 VECTOR -
CVSS BASE SCORE -
CVSS VECTOR -",JavaScript Source Map Detected,114132,Info,-
This is an informational plugin to inform that user data controlled input is reflected in the response.,"CWE -
WASC -
OWASP -
CVE -
BID -","CVSSV4 BASE SCORE -
CVSSV4 VECTOR -
CVSSV3 BASE SCORE -
CVSSV3 VECTOR -
CVSS BASE SCORE -
CVSS VECTOR -",Input Reflected,114135,Info,-
The scanner was able to detect an input reflected in the response body.,https://owasp.org/www-community/attacks/xss/,This vulnerability could be exploited by an attacker to execute malicious scripts in the context of a user's browser.,Input Reflected Instances,114135,Medium,Implement proper input validation and output encoding to prevent reflected XSS attacks.
This is an informational plugin to inform the user that the scanner has detected the usage of WebSockets on the target web application.,"{'CWE': '-', 'WASC': '-', 'OWASP': '-', 'CVE': '-', 'BID': '-'}","{'CVSSV4 BASE SCORE': '-', 'CVSSV4 VECTOR': '-', 'CVSSV3 BASE SCORE': '-', 'CVSSV3 VECTOR': '-', 'CVSS BASE SCORE': '-', 'CVSS VECTOR': '-'}",WebSocket Detected,114395,Info,-
A Path Relative Style Sheet Import occurs when the application imports a style sheet via a relative URL and uses user input in the file name. This vulnerability mainly affects older browsers such as Internet Explorer and allows an attacker to exploit the way the browser handles stylesheet imports in order to perform CSS Injection.,"CWE -
WASC -
OWASP -
CVE -
BID -","CVSSV4 BASE SCORE -
CVSSV4 VECTOR -
CVSSV3 BASE SCORE -
CVSSV3 VECTOR -
CVSS BASE SCORE -
CVSS VECTOR -",Path Relative Stylesheet Import,114466,Info,"It is preferable not to use path-related URLs in stylesheet imports, and also to use the 'X-Content-Type-Options: nosnif' and 'X-Frame-Options: deny' headers."
The web application is importing a style sheet with a 'href' that does not begin with a /,https://owasp.org/www-community/vulnerabilities/Path_Relative_Stylesheet_Import,This vulnerability could potentially allow an attacker to manipulate the style sheet import and inject malicious code into the web application,Path Relative Stylesheet Import,N/A,Medium,Ensure that all style sheet imports begin with a / to prevent path relative stylesheet imports
This is an informational plugin to inform the user that the scanner detected the presence of one or multiple virtual hosts on the target server.,"{'CWE': '-', 'WASC': '-', 'OWASP': '-', 'CVE': '-', 'BID': '-'}","{'CVSSV4 BASE SCORE': '-', 'CVSSV4 VECTOR': '-', 'CVSSV3 BASE SCORE': '-', 'CVSSV3 VECTOR': '-', 'CVSS BASE SCORE': '-', 'CVSS VECTOR': '-'}",Virtual Hosts Detected,114503,Info,Review all the detected virtual hosts to ensure they are expected to be externally reachable.
"Crafting a request with a specific 'Host' header allows the scanner to obtain a different response, revealing the presence of another virtual host on the target IP.",https://juice-shop-16-0-1-178712031365.us-west1.run.app/#/,This vulnerability could potentially lead to unauthorized access to sensitive information hosted on the virtual host.,Virtual Host Misconfiguration,114503,Medium,Ensure proper configuration of virtual hosts to prevent unauthorized access and information disclosure.
This is an informational notice that the scanner was able to detect a REST API.,"{'CWE': '-', 'WASC': '-', 'OWASP': '-', 'CVE': '-', 'BID': '-'}","{'CVSSV4 BASE SCORE': '-', 'CVSSV4 VECTOR': '-', 'CVSSV3 BASE SCORE': '-', 'CVSSV3 VECTOR': '-', 'CVSS BASE SCORE': '-', 'CVSS VECTOR': '-'}",REST API Detected,114608,Info,-
REST API endpoints are exposed and can be accessed by unauthorized users.,https://owasp.org/www-project-api-security/,"Unauthorized access to sensitive data, potential data breaches.",REST API Detected Instances,114608,High,Implement proper authentication and authorization mechanisms to restrict access to the APIs.
This plugin displays supported SSL/TLS cipher suites.,"CWE -
WASC -
OWASP -
CVE -
BID -","CVSSV4 BASE SCORE -
CVSSV4 VECTOR -
CVSSV3 BASE SCORE -
CVSSV3 VECTOR -
CVSS BASE SCORE -
CVSS VECTOR -",SSL/TLS Cipher Suites Supported,115491,Info,-
The web application supports weak cipher suites which can be exploited by attackers to intercept and decrypt sensitive information.,https://www.owasp.org/index.php/Transport_Layer_Protection_Cheat_Sheet,Attackers may be able to intercept and decrypt sensitive information transmitted over the network.,SSL/TLS Cipher Suites Supported Instances,115491,High,"Disable the use of weak cipher suites and only allow the use of strong, secure cipher suites."
,,,Blind SQL Injection (differential analysis),98117,High,Properly sanitize user input to prevent SQL injection attacks.
,,,Secret Data Disclosure,114129,High,Ensure sensitive data is not exposed and implement proper access controls.
,,,SQL Injection,98115,High,Use parameterized queries or ORM to prevent SQL injection vulnerabilities.
,,,Missing HTTP Strict Transport Security Policy,98056,Medium,Implement HTTP Strict Transport Security (HSTS) to enforce secure connections.
,,,Directory Listing,98084,Medium,Disable directory listing to prevent exposing sensitive information.
,,,jQuery < 3.4.0 Prototype Pollution,98590,Medium,Update jQuery to a version that is not vulnerable to prototype pollution.
,,,SSL/TLS Forward Secrecy Cipher Suites Not Supported,98617,Medium,Enable support for forward secrecy cipher suites in SSL/TLS configurations.
,,,Unvalidated Redirection,98054,Medium,Validate and sanitize redirect URLs to prevent open redirect vulnerabilities.
,,,jQuery 1.2.0 < 3.5.0 Cross-Site Scripting,112383,Medium,Update jQuery to a version that is not vulnerable to cross-site scripting.
,,,Source Code Passive Disclosure,98779,Medium,Ensure source code is not exposed in production environments.
